package tests.net.sf.jabref;

import junit.framework.TestCase;
import net.sf.jabref.AuthorList;

/**
 * 
 * @see net.sf.jabref.AuthorList Class tested.
 * 
 * @author Christopher Oezbek <oezi@oezi.de>
 * 
 * @version 0.1 - Still fails for stuff in AuthorList that is ambiguous
 */
public class AuthorListTest extends TestCase {

	public void testFixAuthor_firstNameFirstCommas() {

		{ // No Commas
			assertEquals("", AuthorList.fixAuthor_firstNameFirstCommas("", true, false));
			assertEquals("", AuthorList.fixAuthor_firstNameFirstCommas("", false, false));

			assertEquals("John Smith", AuthorList.fixAuthor_firstNameFirstCommas("John Smith",
				false, false));
			assertEquals("J. Smith", AuthorList.fixAuthor_firstNameFirstCommas("John Smith", true,
				false));

			// Check caching
			assertTrue(AuthorList.fixAuthor_firstNameFirstCommas(
				"John von Neumann and John Smith and Black Brown, Peter", true, false) == AuthorList
				.fixAuthor_firstNameFirstCommas("John von Neumann" + (0 == 1 ? "" : " and ")
					+ "John Smith and Black Brown, Peter", true, false));

			assertEquals("John Smith and Peter Black Brown", AuthorList
				.fixAuthor_firstNameFirstCommas("John Smith and Black Brown, Peter", false, false));
			assertEquals("J. Smith and P. Black Brown", AuthorList.fixAuthor_firstNameFirstCommas(
				"John Smith and Black Brown, Peter", true, false));

			// Method description is different than code -> additional comma
			// there
			assertEquals("John von Neumann, John Smith and Peter Black Brown", AuthorList
				.fixAuthor_firstNameFirstCommas(
					"John von Neumann and John Smith and Black Brown, Peter", false, false));
			assertEquals("J. von Neumann, J. Smith and P. Black Brown", AuthorList
				.fixAuthor_firstNameFirstCommas(
					"John von Neumann and John Smith and Black Brown, Peter", true, false));

			assertEquals("J. P. von Neumann", AuthorList.fixAuthor_firstNameFirstCommas(
				"John Peter von Neumann", true, false));
		}
		{ // Oxford Commas
			assertEquals("", AuthorList.fixAuthor_firstNameFirstCommas("", true, true));
			assertEquals("", AuthorList.fixAuthor_firstNameFirstCommas("", false, true));

			assertEquals("John Smith", AuthorList.fixAuthor_firstNameFirstCommas("John Smith",
				false, true));
			assertEquals("J. Smith", AuthorList.fixAuthor_firstNameFirstCommas("John Smith", true,
				true));

			// Check caching
			assertTrue(AuthorList.fixAuthor_firstNameFirstCommas(
				"John von Neumann and John Smith and Black Brown, Peter", true, true) == AuthorList
				.fixAuthor_firstNameFirstCommas("John von Neumann" + (0 == 1 ? "" : " and ")
					+ "John Smith and Black Brown, Peter", true, true));

			assertEquals("John Smith and Peter Black Brown", AuthorList
				.fixAuthor_firstNameFirstCommas("John Smith and Black Brown, Peter", false, true));
			assertEquals("J. Smith and P. Black Brown", AuthorList.fixAuthor_firstNameFirstCommas(
				"John Smith and Black Brown, Peter", true, true));

			// Method description is different than code -> additional comma
			// there
			assertEquals("John von Neumann, John Smith, and Peter Black Brown", AuthorList
				.fixAuthor_firstNameFirstCommas(
					"John von Neumann and John Smith and Black Brown, Peter", false, true));
			assertEquals("J. von Neumann, J. Smith, and P. Black Brown", AuthorList
				.fixAuthor_firstNameFirstCommas(
					"John von Neumann and John Smith and Black Brown, Peter", true, true));

			assertEquals("J. P. von Neumann", AuthorList.fixAuthor_firstNameFirstCommas(
				"John Peter von Neumann", true, true));

		}
	}

	public void testFixAuthor_lastNameOnlyCommas() {

		{ // No comma before and
			assertEquals("", AuthorList.fixAuthor_lastNameOnlyCommas("", false));
			assertEquals("Smith", AuthorList.fixAuthor_lastNameOnlyCommas("John Smith", false));
			assertEquals("Smith", AuthorList.fixAuthor_lastNameOnlyCommas("Smith, Jr, John", false));

			assertTrue(AuthorList.fixAuthor_lastNameOnlyCommas(
				"John von Neumann and John Smith and Black Brown, Peter", false) == AuthorList
				.fixAuthor_lastNameOnlyCommas("John von Neumann" + (0 == 1 ? "" : " and ")
					+ "John Smith and Black Brown, Peter", false));

			assertEquals("von Neumann, Smith and Black Brown", AuthorList
				.fixAuthor_lastNameOnlyCommas(
					"John von Neumann and John Smith and Black Brown, Peter", false));
		}
		{ // Oxford Comma
			assertEquals("", AuthorList.fixAuthor_lastNameOnlyCommas("", true));
			assertEquals("Smith", AuthorList.fixAuthor_lastNameOnlyCommas("John Smith", true));
			assertEquals("Smith", AuthorList.fixAuthor_lastNameOnlyCommas("Smith, Jr, John", true));

			assertTrue(AuthorList.fixAuthor_lastNameOnlyCommas(
				"John von Neumann and John Smith and Black Brown, Peter", true) == AuthorList
				.fixAuthor_lastNameOnlyCommas("John von Neumann" + (0 == 1 ? "" : " and ")
					+ "John Smith and Black Brown, Peter", true));

			assertEquals("von Neumann, Smith, and Black Brown", AuthorList
				.fixAuthor_lastNameOnlyCommas(
					"John von Neumann and John Smith and Black Brown, Peter", true));
		}
	}

	public void testFixAuthorForAlphabetization() {
		assertEquals("Smith, J.", AuthorList.fixAuthorForAlphabetization("John Smith"));
		assertEquals("Neumann, J.", AuthorList.fixAuthorForAlphabetization("John von Neumann"));
		assertEquals("Neumann, J.", AuthorList.fixAuthorForAlphabetization("J. von Neumann"));
		assertEquals(
			"Neumann, J. and Smith, J. and Black Brown, Jr., P.",
			AuthorList
				.fixAuthorForAlphabetization("John von Neumann and John Smith and de Black Brown, Jr., Peter"));
	}

	public static int size(String bibtex) {
		return (AuthorList.getAuthorList(bibtex)).size();
	}

	public void testSize() {

		assertEquals(0, size(""));
		assertEquals(1, size("Bar"));
		assertEquals(1, size("Foo Bar"));
		assertEquals(1, size("Foo von Bar"));
		assertEquals(1, size("von Bar, Foo"));
		assertEquals(1, size("Bar, Foo"));
		assertEquals(1, size("Bar, Jr., Foo"));
		assertEquals(1, size("Bar, Foo"));
		assertEquals(2, size("John Neumann and Foo Bar"));
		assertEquals(2, size("John von Neumann and Bar, Jr, Foo"));

		assertEquals(3, size("John von Neumann and John Smith and Black Brown, Peter"));

		String s = "John von Neumann";
		for (int i = 0; i < 25; i++) {
			assertEquals(i + 1, size(s));
			s += " and Albert Einstein";
		}
	}

	public void testGetAuthorsNatbib() {
		assertEquals("", AuthorList.getAuthorList("").getAuthorsNatbib());
		assertEquals("Smith", AuthorList.getAuthorList("John Smith").getAuthorsNatbib());
		assertEquals("Smith and Black Brown", AuthorList.getAuthorList(
			"John Smith and Black Brown, Peter").getAuthorsNatbib());
		assertEquals("von Neumann et al.", AuthorList.getAuthorList(
			"John von Neumann and John Smith and Black Brown, Peter").getAuthorsNatbib());
		
		/*
		 * [ 1465610 ] (Double-)Names containing hyphen (-) not handled correctly
		 */
		assertEquals("Last-Name et al.", AuthorList.getAuthorList(
			"First Second Last-Name" + " and John Smith and Black Brown, Peter").getAuthorsNatbib());

		// Test caching
		AuthorList al = AuthorList
			.getAuthorList("John von Neumann and John Smith and Black Brown, Peter");
		assertTrue(al.getAuthorsNatbib() == al.getAuthorsNatbib());
	}

	public void testGetAuthorsLastFirst() {
		{ // No commas before and
			AuthorList al;

			al = AuthorList.getAuthorList("");
			assertEquals("", al.getAuthorsLastFirst(true, false));
			assertEquals("", al.getAuthorsLastFirst(false, false));

			al = AuthorList.getAuthorList("John Smith");
			assertEquals("Smith, John", al.getAuthorsLastFirst(false, false));
			assertEquals("Smith, J.", al.getAuthorsLastFirst(true, false));

			al = AuthorList.getAuthorList("John Smith and Black Brown, Peter");
			assertEquals("Smith, John and Black Brown, Peter", al.getAuthorsLastFirst(false, false));
			assertEquals("Smith, J. and Black Brown, P.", al.getAuthorsLastFirst(true, false));

			al = AuthorList.getAuthorList("John von Neumann and John Smith and Black Brown, Peter");
			// Method description is different than code -> additional comma
			// there
			assertEquals("von Neumann, John, Smith, John and Black Brown, Peter", al
				.getAuthorsLastFirst(false, false));
			assertEquals("von Neumann, J., Smith, J. and Black Brown, P.", al.getAuthorsLastFirst(
				true, false));

			al = AuthorList.getAuthorList("John Peter von Neumann");
			assertEquals("von Neumann, J. P.", al.getAuthorsLastFirst(true, false));
		}
		{ // Oxford comma
			AuthorList al;

			al = AuthorList.getAuthorList("");
			assertEquals("", al.getAuthorsLastFirst(true, true));
			assertEquals("", al.getAuthorsLastFirst(false, true));

			al = AuthorList.getAuthorList("John Smith");
			assertEquals("Smith, John", al.getAuthorsLastFirst(false, true));
			assertEquals("Smith, J.", al.getAuthorsLastFirst(true, true));

			al = AuthorList.getAuthorList("John Smith and Black Brown, Peter");
			assertEquals("Smith, John and Black Brown, Peter", al.getAuthorsLastFirst(false, true));
			assertEquals("Smith, J. and Black Brown, P.", al.getAuthorsLastFirst(true, true));

			al = AuthorList.getAuthorList("John von Neumann and John Smith and Black Brown, Peter");
			assertEquals("von Neumann, John, Smith, John, and Black Brown, Peter", al
				.getAuthorsLastFirst(false, true));
			assertEquals("von Neumann, J., Smith, J., and Black Brown, P.", al.getAuthorsLastFirst(
				true, true));

			al = AuthorList.getAuthorList("John Peter von Neumann");
			assertEquals("von Neumann, J. P.", al.getAuthorsLastFirst(true, true));
		}
	}

	public void testGetAuthorsFirstFirstAnds() {
		assertEquals("John Smith", AuthorList.getAuthorList("John Smith")
			.getAuthorsFirstFirstAnds());
		assertEquals("John Smith and Peter Black Brown", AuthorList.getAuthorList(
			"John Smith and Black Brown, Peter").getAuthorsFirstFirstAnds());
		assertEquals("John von Neumann and John Smith and Peter Black Brown", AuthorList
			.getAuthorList("John von Neumann and John Smith and Black Brown, Peter")
			.getAuthorsFirstFirstAnds());
		assertEquals("First von Last, Jr. III", AuthorList
			.getAuthorList("von Last, Jr. III, First").getAuthorsFirstFirstAnds());
	}

	public void testGetAuthorsForAlphabetization() {
		assertEquals("Smith, J.", AuthorList.getAuthorList("John Smith")
			.getAuthorsForAlphabetization());
		assertEquals("Neumann, J.", AuthorList.getAuthorList("John von Neumann")
			.getAuthorsForAlphabetization());
		assertEquals("Neumann, J.", AuthorList.getAuthorList("J. von Neumann")
			.getAuthorsForAlphabetization());
		assertEquals("Neumann, J. and Smith, J. and Black Brown, Jr., P.", AuthorList
			.getAuthorList("John von Neumann and John Smith and de Black Brown, Jr., Peter")
			.getAuthorsForAlphabetization());
	}

}
